{
  "heights": [
    12.0,
    16.285714285714285,
    20.57142857142857,
    24.857142857142858,
    29.142857142857142,
    33.42857142857143,
    37.714285714285715,
    42.0
  ],
  "hermitian": true,
  "Karch_min_eig": 0.4885221638033891,
  "Karch_PSD": true,
  "Kprime_min_eig": -0.6578956861000639,
  "Kprime_max_eig": 0.6847256571178078,
  "Kprime_indefinite": true,
  "K_min_eig": 2.0421492684188115e-13,
  "K_PSD_on_basis": true,
  "is_new_kernel": false,
  "note": "K = explicit-formula Weil kernel; positivity = RH"
}