{
  "P_max": 10000,
  "n_primes_total": 1229,
  "counts": {
    "split": 609,
    "inert": 619,
    "ramified": 1
  },
  "densities": {
    "split": 0.4955248169243287,
    "inert": 0.5036615134255492,
    "ramified": 0.0008136696501220504
  },
  "mod_5_distribution": {
    "0": 1,
    "1": 306,
    "2": 309,
    "3": 310,
    "4": 303
  },
  "expected_asymptotic": {
    "split": 0.5,
    "inert": 0.5,
    "ramified": 0.0
  },
  "first_15_split": [
    11,
    19,
    29,
    31,
    41,
    59,
    61,
    71,
    79,
    89,
    101,
    109,
    131,
    139,
    149
  ],
  "first_15_inert": [
    2,
    3,
    7,
    13,
    17,
    23,
    37,
    43,
    47,
    53,
    67,
    73,
    83,
    97,
    103
  ],
  "ramified_primes": [
    5
  ]
}