{
 "provenance": "modularity shortcut: curve 31.1-a1 point counts (cross-checked vs ALL available geometric Brandt eigenvalues, 0 mismatches); zeros from PARI lfun",
 "nmax": 3000,
 "n_prime_ideals": 425,
 "all_ramanujan": true,
 "geometric_crosscheck": {
  "checked": 32,
  "matched": 32,
  "mismatches": 0,
  "bad": [],
  "source": "geometric_aP.json"
 },
 "eps": 1,
 "lfuncheckfeq_log2": -126.0,
 "raw_tail": "932384178503781728, 23.507277777541028981767085998491138402, 24.062403239045177555124967883245862891, 24.568410415246293278559101022170907904]\n\u001b[0;31m  ***   Warning: new stack size = 1073741824 (1024.000 Mbytes).\u001b[0m\n\u001b[0;31m  *** lfunzeros: Warning: #an = 3000 < 5585, results may be imprecise.\u001b[0m\n",
 "L_zeros": [
  3.678991475792358,
  4.448257601689317,
  5.334484295565933,
  6.7028542531565085,
  7.710142229023657,
  8.345116428302584,
  9.04504541459149,
  9.848375516162024,
  10.369805156042522,
  11.462517244351721,
  12.030484021160511,
  12.769599127638541,
  13.395325088427832,
  13.778698677335553,
  14.624536515799608,
  15.203455454511385,
  15.735887792792461,
  16.456761143147308,
  17.139837087257202,
  17.693390662987095,
  18.266563177311692,
  18.810839279382822,
  19.14211360308177,
  19.71064433705406,
  20.509963538074608,
  20.985839392470506,
  21.798973013483394,
  22.113623319654554,
  22.634247767908846,
  23.23454501046376,
  23.507277777541027,
  24.062403239045178,
  24.568410415246294
 ]
}