{
 "n_zeros": 33,
 "lambda": [
  0.3258821466113262,
  1.292886115728646,
  2.8696568414668677,
  5.005807919739345,
  7.634606808067412,
  10.67649678408538,
  14.043237346193381,
  17.64240804603476
 ],
 "all_nonnegative": true
}