{
  "gram_psd_by_basis": [
    {
      "basis_size": 3,
      "min_eig": 0.0028314722187226977,
      "max_eig": 1.8219764285286817,
      "PSD": true
    },
    {
      "basis_size": 5,
      "min_eig": 0.00023236038638547703,
      "max_eig": 2.7602802486255333,
      "PSD": true
    },
    {
      "basis_size": 7,
      "min_eig": 0.00023038328330932987,
      "max_eig": 3.022765517380934,
      "PSD": true
    },
    {
      "basis_size": 9,
      "min_eig": 0.00023038209923944964,
      "max_eig": 3.135940463239982,
      "PSD": true
    }
  ],
  "note": "on-line Weil Gram is PSD, sitting near the positivity edge"
}