{
  "target_exponent": 15.61771205904033,
  "rules_tested": 13,
  "best_rule": "G13: C + |E|/|V|",
  "best_exponent": 15.666666666666666,
  "best_ratio": 1879.921424115189,
  "best_error_pct": 2.383720663240237,
  "exponent_residual": 0.04895460762633519,
  "outcome": "B"
}