n,gamma_n,|zeta(s)|,"|L(s,chi_5)|",attribution
1,14.1347251417,7.42117326e-16,4.22264914e+00,zeta -> 0 (sigma-fixed factor vanishes)
2,21.0220396388,1.16091640e-15,2.89737875e+00,zeta -> 0 (sigma-fixed factor vanishes)
3,25.0108575801,8.49884486e-16,1.25060059e+00,zeta -> 0 (sigma-fixed factor vanishes)
4,30.4248761259,1.05780573e-15,2.74218699e+00,zeta -> 0 (sigma-fixed factor vanishes)
5,32.9350615877,2.74909101e-15,2.62419452e-01,zeta -> 0 (sigma-fixed factor vanishes)
6,37.5861781588,7.09277396e-15,1.60842166e+00,zeta -> 0 (sigma-fixed factor vanishes)
7,40.9187190121,4.79458152e-15,3.45075006e+00,zeta -> 0 (sigma-fixed factor vanishes)
8,43.3270732809,4.31670918e-15,2.29191834e+00,zeta -> 0 (sigma-fixed factor vanishes)
9,48.0051508812,1.99980780e-15,1.44366713e+00,zeta -> 0 (sigma-fixed factor vanishes)
10,49.7738324777,2.44880814e-15,5.31291114e+00,zeta -> 0 (sigma-fixed factor vanishes)
