{
  "P_max": 100000,
  "n_primes": 9592,
  "test_s": [
    2.0,
    3.0,
    4.0
  ],
  "all_pass_10_digit": true,
  "checks": [
    {
      "s": 2.0,
      "zeta_K": 1.1616702648306838,
      "zeta_times_L": 1.16167026483069,
      "zeta": 1.6449327472020276,
      "L_chi5": 0.706211403965694,
      "abs_diff": 6.217248937900877e-15,
      "rel_err": 5.351991116693533e-15,
      "digits_of_agreement": 14.271484616087427,
      "passes_10_digit_check": true
    },
    {
      "s": 3.0,
      "zeta_K": 1.0275480117374063,
      "zeta_times_L": 1.0275480117374047,
      "zeta": 1.2020569031545951,
      "L_chi5": 0.8548247666485493,
      "abs_diff": 1.5543122344752192e-15,
      "rel_err": 1.5126419561137078e-15,
      "digits_of_agreement": 14.820263857757205,
      "passes_10_digit_check": true
    },
    {
      "s": 4.0,
      "zeta_K": 1.005842979960839,
      "zeta_times_L": 1.005842979960836,
      "zeta": 1.0823232337111348,
      "L_chi5": 0.9293369564949108,
      "abs_diff": 3.1086244689504383e-15,
      "rel_err": 3.0905663516898804e-15,
      "digits_of_agreement": 14.509961928058743,
      "passes_10_digit_check": true
    }
  ]
}