{
  "D1": {
    "vertices": 120,
    "degree": 12,
    "edge_length": 0.6180339887498948
  },
  "D2": {
    "min_eigenvalue": 0.3819660112501084,
    "phi_inv2": 0.38196601125010515
  },
  "D3": {
    "dim_fix_tau": 116,
    "target": 94,
    "match": false
  },
  "D4": {
    "frame_size": 120,
    "sigma_stable": true,
    "dim_sigma_I": 116,
    "max_possible": 94
  },
  "D5": {
    "phi_inv2": 0.38196601125010515,
    "off_sigma_min_eigenvalue": 2.673762078750735,
    "satisfies_bound": true
  },
  "D6": {
    "|O_A|": 16,
    "|O_B|": 16,
    "|O_AB|": 32,
    "delta_AB_predicted": 0
  }
}