{
  "v600_size": 120,
  "n_edges": 720,
  "n_steps": 200,
  "dt": 0.05,
  "Q_initial": 0.9999999999999996,
  "Q_final": 1.0000000000000022,
  "max_Q_drift": 2.886579864025407e-15,
  "max_continuity_residual": 2.636779683484747e-16,
  "max_antisymmetry_violation": 0.0,
  "Q_conservation_pass": true,
  "continuity_pointwise_pass": true,
  "antisymmetry_pass": true,
  "all_three_pass": true
}