{
  "v600_size": 120,
  "spectrum_eigenvalues": [
    0.0,
    2.291796,
    5.527864,
    9.0,
    12.0,
    14.0,
    14.472136,
    15.0,
    15.708204
  ],
  "spectrum_multiplicities": [
    1,
    4,
    9,
    16,
    25,
    36,
    9,
    16,
    4
  ],
  "lam_min": 5.977610922876397e-15,
  "trivial_multiplicity": 1,
  "trivial_eigenvector_uniform_dev": 4.0245584642661925e-16,
  "L_P0_frobenius_norm": 1.1425881902762812e-14,
  "trivial_propagation_max_dev": 4.9705010294852174e-15,
  "non_trivial_eigenvalue_tested": 2.2917960675006306,
  "non_trivial_freq_match_dev": 5.3917320330040496e-15,
  "all_six_pass": true
}