{
  "work_order": "WO-VFD-RH-POSITIVE-ADELIC-WITNESS-OPERATOR-001",
  "witness": {
    "D_hermitian_err": 0.0,
    "JDJ_plus_D_resid": 0.0
  },
  "completed_kernel": {
    "gaussian_mellin_err": 4.684482275703034e-13,
    "theta_duality": 1.3861867513517258e-21,
    "fe_Xi": 2.5268762534792248e-21,
    "fe_raw": 0.44554648259647645,
    "fe_fake": 0.7499698601768121
  },
  "explicit_formula": {
    "residual_by_Nz": {
      "20": 3.6982770269388163e-10,
      "40": 3.6982770269388163e-10
    },
    "shuffled_primes_residual": 2424.0804375144808
  },
  "weil_positivity": {
    "real_min_eig": 4.3324011632945455e-05,
    "real_eigs": [
      4.3324011632945455e-05,
      0.08444618437422924,
      0.19295507322507383,
      0.6413150941873661,
      0.8861347409147355,
      1.5041911703884712,
      2.316108815775137,
      3.575758524618415,
      4.280860307721258,
      5.439332791498055,
      6.7958596053781,
      8.399849677302504
    ],
    "nulls": {
      "null D: no archimedean (P\u2212R)": -5.030295318539409,
      "null B: fake \u0393(s/3)": -0.10822024354580413,
      "null C: shuffled primes": 0.06676983910511329
    },
    "random_hermitian_min_eig": -4.012276517969835
  },
  "hilbert_polya": "not exhibited (no non-fitted A_N; fitting zeros would be descriptive only) = open problem",
  "scaffold_recovers": true,
  "nulls_discriminated": true,
  "verdict": "STRONG PASS (proof-facing scaffold; NOT a proof)",
  "proof_gap": "finite Weil form PSD only with near-null mode; full-limit positivity for all admissible test functions = RH; positive self-adjoint witness operator not exhibited",
  "no_rh_claim": true
}