{
  "explicit_formula_consistency_rel_err": {
    "nz20_P100": 6.5708981377144e-10,
    "nz40_P500": 3.2661710386633297e-16,
    "nz80_P3000": 3.2661710386633297e-16
  },
  "note": "formula side (ARCH+POLE-PRIME, no zeros) vs zero side; converges to machine precision"
}