{
  "families_tested": 7,
  "target_ratio": 1836.15267343,
  "best_zero_fit": "F3 (multiplicative, phi^16 = 2207, 20% error)",
  "phi15_from_F2": 1364.0007331374366,
  "phi16_from_F3": 2206.9995468961474,
  "log_phi_target": 15.61771205904033,
  "outcome": "B \u2014 shortlist identified, inter-shell composition rule missing"
}