{
  "heights": [
    12.0,
    16.666666666666668,
    21.333333333333336,
    26.0,
    30.666666666666668,
    35.333333333333336,
    40.0
  ],
  "H_eig": [
    0.57155,
    0.87477,
    1.11697,
    1.40237,
    1.75821,
    2.18597,
    2.70909
  ],
  "R_eig": [
    -0.81055,
    -0.65887,
    -0.12437,
    -0.01918,
    0.07926,
    0.79172,
    0.91716
  ],
  "Q_eig": [
    0.0,
    0.64645,
    1.0307,
    1.32845,
    2.24123,
    2.3445,
    2.85244
  ],
  "H_positive_kernel": true,
  "R_indefinite": true,
  "Q_PSD_on_basis": true,
  "prime_alone_positive": false,
  "completion_essential": true,
  "tightest_stress_combo": [
    -0.6195,
    0.7813,
    -0.0745,
    0.0154,
    -0.0012,
    0.0006,
    -0.0002
  ],
  "canonical": "H,R are the explicit-formula terms themselves",
  "RH_equivalence": "H >= R for ALL admissible h  <=>  RH (untested universal)"
}