{
  "seed": 42,
  "phi": 1.618033988749895,
  "L0": {
    "vertex_count": 120,
    "edge_length": 0.6180339887498948,
    "edge_length_expected": 0.6180339887498948,
    "regular": true,
    "common_degree": 12,
    "expected_degree": 12,
    "pass": true
  },
  "L2": {
    "n_distinct_eigenvalues": 9,
    "total_dimension": 120,
    "distinct_eigenvalues": [
      -3.708203932499372,
      -3.0000000000000027,
      -2.4721359549995827,
      -2.0000000000000044,
      -7.041573747515788e-15,
      2.999999999999995,
      6.4721359549995725,
      9.708203932499364,
      11.99999999999999
    ],
    "multiplicities": [
      4,
      16,
      9,
      36,
      25,
      16,
      9,
      4,
      1
    ],
    "sigma_paired_class_dimension": 4,
    "pass": true
  },
  "L1_status": "cited from Paper I + rh-formal (icosian construction); not re-derived here",
  "L3_status": "cited from rh-formal M1; sim-verified externally"
}