{
  "work_order": "WO-VFD-ADELIC-TRISKELION-CENTRE-CONSTRUCTION-001",
  "phase_cross": {
    "J2_eq_I": true,
    "D_hermitian_err": 0.0,
    "JDJ_plus_D": 0.0,
    "note": "JDJ=-D holds for any reflection centre; location pinned by FE-axis scan"
  },
  "centre_from_arms": {
    "form": "Q_W = A\u221e + P_F - R_S",
    "min_eig": 4.3324011632945455e-05,
    "eigs": [
      4.3324011632945455e-05,
      0.08444618437422924,
      0.19295507322507383,
      0.6413150941873661,
      0.8861347409147355,
      1.5041911703884712,
      2.316108815775137,
      3.575758524618415,
      4.280860307721258,
      5.439332791498055,
      6.7958596053781,
      8.399849677302504
    ]
  },
  "centre_location_FE_axis_scan": {
    "0.4": 0.16628959676555363,
    "0.45": 0.08353605558134401,
    "0.5": 1.9828704149292714e-21,
    "0.55": 0.08353605558134411,
    "0.6": 0.1662895967655536
  },
  "location_pinned_at": 0.5,
  "null_centres": {
    "remove A\u221e (P\u2212R)": -5.030295318539409,
    "fake \u0393(s/3)": -0.10822024354580413,
    "shuffled primes": 0.06676983910511329
  },
  "random_hermitian_min_eig": -3.912869292722721,
  "cutoff_stability": {
    "8": 8.643913876945143e-05,
    "12": 4.3324011632945455e-05,
    "16": 3.919641777358045e-05
  },
  "regression": {
    "gaussian_mellin": 4.684482275703034e-13,
    "theta": 1.3861867513517258e-21,
    "fe_Xi": 2.5268762534792248e-21
  },
  "verdict": "STRONG PASS (centre constructed from arms; finite scaffold; NOT a proof)",
  "proof_gap": "finite Q_W PSD only with near-null mode (\u03bb_min\u21920\u207a); infinite-limit positivity for all admissible test functions = RH; positive self-adjoint witness operator not exhibited",
  "honest": "centre constructed from arms + location pinned at Re(s)=1/2; re-framing/consolidation of positive-witness scaffold; KNOWN Weil/Connes criterion; NOT new, NOT a proof"
}