{
  "work_order": "WO-VFD-ADELIC-TRISKELION-ROOT-OBJECT-001",
  "finite_arm": {
    "2.0": 4.612844335601261e-06,
    "3.0": 1.2032875761659086e-10,
    "(2.0 + 5.0j)": 9.83041585497357e-07
  },
  "archimedean_arm": {
    "2.0": 0.0,
    "(0.5 + 4.0j)": 6.610629160409352e-17,
    "(0.699999999999999955591079014994 + 10.0j)": 1.5881120341673036e-20
  },
  "theta_duality": {
    "0.3": 0.0,
    "0.7": 1.6137337677084443e-31,
    "1.5": 1.9373447739928699e-31,
    "3.0": 0.0
  },
  "fe_residual": {
    "Xi (F+A\u221e+S)": 7.854617552005751e-31,
    "xi full": 8.089817690503807e-31,
    "raw zeta (no A\u221e)": 0.4967608789924172,
    "fake Gamma(s/3)": 0.6009686884806333,
    "fake exp": 0.627548003929041
  },
  "arm_removal": {
    "remove A\u221e (raw \u03b6)": 0.4967608789924172,
    "remove F (\u0393\u00b7random Dirichlet, no Euler)": 0.7862537201754983
  },
  "scores": {
    "FiniteScore": 1.0,
    "GammaScore": 1.0,
    "ThetaScore": 1.0,
    "FEScore": 1.0,
    "NecessityScore": 1.0,
    "FakeKernelsFail": 1.0,
    "RootScore": 6.0,
    "max": 6
  },
  "verdict": "STRONG PASS (as normal-form of the completed-zeta construction)",
  "honest": "3 arms reproduce the classical completed-zeta pipeline (Euler/Gaussian-\u0393/theta-duality=>FE) + each necessary; = Riemann/Tate construction re-encoded, KNOWN not new, NOT a proof; visual helix representational; proof gap = positive self-adjoint witness operator (untouched)"
}