{
  "heights": [
    14.0,
    21.0,
    25.0,
    30.0,
    33.0
  ],
  "sigma": 2.0,
  "consistency_rel_err": 5.575714753088988e-16,
  "Q_min_eig": 0.7228860409330926,
  "Q_PSD": true,
  "H_min_eig": 0.6634310911887952,
  "H_positive_kernel": true,
  "R_min_eig": -1.0976481890401604,
  "R_max_eig": 0.09332187176875786,
  "R_indefinite": true
}