{"E6": {"h": 12, "n_roots": 72, "coords": [[-0.0, 0.88807], [0.0, -0.88807], [-0.0, 0.88807], [0.0, -0.88807], [-0.32506, 0.32506], [0.32506, -0.32506], [-0.32506, 0.32506], [0.32506, -0.32506], [-0.32506, -0.32506], [0.32506, 0.32506], [-0.32506, -0.32506], [0.32506, 0.32506], [-0.88807, -0.0], [0.88807, 0.0], [-0.88807, -0.0], [0.88807, 0.0], [-0.32506, 1.21313], [0.32506, 0.56302], [-0.32506, -0.56302], [0.32506, -1.21313], [-0.32506, 0.56302], [0.32506, 1.21313], [-0.32506, -1.21313], [0.32506, -0.56302], [-0.88807, 0.88807], [0.88807, 0.88807], [-0.88807, -0.88807], [0.88807, -0.88807], [-0.65012, -0.0], [-0.0, 0.65012], [0.0, -0.65012], [0.65012, 0.0], [-1.21313, 0.32506], [0.56302, 0.32506], [-0.56302, -0.32506], [1.21313, -0.32506], [-1.21313, -0.32506], [0.56302, -0.32506], [-0.56302, 0.32506], [1.21313, 0.32506], [0.11898, 0.44404], [-0.44404, 0.76909], [-0.44404, 0.11898], [0.76909, 0.44404], [-0.76909, -0.44404], [0.44404, -0.11898], [0.44404, -0.76909], [-0.11898, -0.44404], [-0.76909, 0.44404], [0.44404, 0.76909], [0.44404, 0.11898], [-0.11898, 0.44404], [0.11898, -0.44404], [-0.44404, -0.11898], [-0.44404, -0.76909], [0.76909, -0.44404], [-0.76909, 0.44404], [0.44404, 0.76909], [0.44404, 0.11898], [-0.11898, 0.44404], [0.11898, -0.44404], [-0.44404, -0.11898], [-0.44404, -0.76909], [0.76909, -0.44404], [0.11898, 0.44404], [-0.44404, 0.76909], [-0.44404, 0.11898], [0.76909, 0.44404], [-0.76909, -0.44404], [0.44404, -0.11898], [0.44404, -0.76909], [-0.11898, -0.44404]]}, "E7": {"h": 18, "n_roots": 126, "coords": [[0.0, 0.32246], [-0.0, -0.32246], [0.0, -0.92849], [0.0, 0.60603], [-0.0, -0.60603], [-0.0, 0.92849], [0.20727, -0.56948], [-0.20727, 0.24702], [0.20727, -0.24702], [-0.20727, 0.56948], [0.27926, -0.16123], [-0.27926, -0.16123], [0.27926, 0.16123], [-0.27926, 0.16123], [0.20727, 0.24702], [-0.20727, -0.56948], [0.20727, 0.56948], [-0.20727, -0.24702], [0.91438, -0.16123], [-0.91438, -0.16123], [0.91438, 0.16123], [-0.91438, 0.16123], [0.20727, -1.1755], [-0.20727, -0.35901], [0.20727, 0.35901], [-0.20727, 1.1755], [0.27926, -0.76726], [-0.27926, -0.76726], [0.27926, 0.76726], [-0.27926, 0.76726], [0.20727, -0.35901], [-0.20727, -1.1755], [0.20727, 1.1755], [-0.20727, 0.35901], [0.91438, -0.76726], [-0.91438, -0.76726], [0.91438, 0.76726], [-0.91438, 0.76726], [0.48653, -0.40825], [-0.07199, -0.40825], [0.07199, 0.40825], [-0.48653, 0.40825], [0.41455, -0.0], [-0.0, -0.8165], [0.0, 0.8165], [-0.41455, 0.0], [1.12165, -0.40825], [-0.70711, -0.40825], [0.70711, 0.40825], [-1.12165, 0.40825], [0.48653, 0.40825], [0.07199, -0.40825], [-0.07199, 0.40825], [-0.48653, -0.40825], [1.19364, -0.0], [-0.63512, 0.0], [0.63512, -0.0], [-1.19364, 0.0], [1.12165, 0.40825], [-0.70711, 0.40825], [0.70711, -0.40825], [-1.12165, -0.40825], [-0.11029, -0.30301], [0.59682, -0.71126], [0.52483, -0.30301], [-0.59682, -0.71126], [0.59682, 0.10524], [-0.52483, -0.30301], [-0.59682, 0.10524], [0.11029, -0.30301], [0.80409, 0.46424], [-0.31756, 0.05599], [-0.38955, 0.46424], [0.31756, 0.05599], [-0.31756, 0.87249], [0.38955, 0.46424], [0.31756, 0.87249], [-0.80409, 0.46424], [0.80409, -0.14178], [-0.31756, -0.55003], [-0.38955, -0.14178], [0.31756, -0.55003], [-0.31756, 0.26647], [0.38955, -0.14178], [0.31756, 0.26647], [-0.80409, -0.14178], [-0.11029, 0.62547], [0.59682, 0.21722], [0.52483, 0.62547], [-0.59682, 0.21722], [0.59682, 1.03372], [-0.52483, 0.62547], [-0.59682, 1.03372], [0.11029, 0.62547], [-0.11029, -0.62547], [0.59682, -1.03372], [0.52483, -0.62547], [-0.59682, -1.03372], [0.59682, -0.21722], [-0.52483, -0.62547], [-0.59682, -0.21722], [0.11029, -0.62547], [0.80409, 0.14178], [-0.31756, -0.26647], [-0.38955, 0.14178], [0.31756, -0.26647], [-0.31756, 0.55003], [0.38955, 0.14178], [0.31756, 0.55003], [-0.80409, 0.14178], [0.80409, -0.46424], [-0.31756, -0.87249], [-0.38955, -0.46424], [0.31756, -0.87249], [-0.31756, -0.05599], [0.38955, -0.46424], [0.31756, -0.05599], [-0.80409, -0.46424], [-0.11029, 0.30301], [0.59682, -0.10524], [0.52483, 0.30301], [-0.59682, -0.10524], [0.59682, 0.71126], [-0.52483, 0.30301], [-0.59682, 0.71126], [0.11029, 0.30301]]}, "E8": {"h": 30, "n_roots": 240,