{
  "D1_min_eig_H": 0.07283093823760987,
  "D2_min_eig_Q": 3.919641777358045e-05,
  "D3_norm_K": 0.9998093055418223,
  "D5_capacity_ratio_nearnull": 0.9998092825926174,
  "generic_algebra_random_PSD": {
    "min_eig_Q": 0.44053090887411406,
    "norm_K": 0.11849510179913676,
    "identity_holds": true
  }
}