{
 "N": 452,
 "d_nn": 3.9667664218461227,
 "lambda": [
  -8.190669686545735e-15,
  1.5754780471301417,
  1.5870495784012353,
  1.7161807545181371,
  2.054467896706349,
  2.9085822987076613,
  3.077140596586715,
  3.1236214762366594,
  3.2254851558547113,
  3.263498623507703,
  3.3815679144501134,
  3.425651239777215,
  3.617752368890569,
  3.878647370537154,
  4.107164985926946,
  4.132083651486124,
  4.187409564216659,
  4.233326762028172,
  4.311352389521135,
  4.338492803571983,
  4.399584417078238,
  4.412562414629262,
  4.469752135188085,
  4.541810514027561,
  4.629428521835139,
  4.642710936702182,
  4.662168938578328,
  4.7417925216668895,
  4.790047380879157,
  4.856166040126691,
  4.8965284790557435,
  4.918647381230831,
  4.961649407024226,
  5.039113265242631,
  5.048961183211159,
  5.068129318870133,
  5.099459937741252,
  5.166410190517624,
  5.179895576492866,
  5.246265336541009,
  5.248281543198722,
  5.29201548356704,
  5.322739668046817,
  5.327798205248013,
  5.377549902943661,
  5.412012716277121,
  5.436887321812366,
  5.446945070744516,
  5.463046701105767,
  5.4768585591041345,
  5.508336299091369,
  5.522383268213759,
  5.5530575846526204,
  5.567198849014862,
  5.597416213908827,
  5.613211918380843,
  5.631487718734046,
  5.658310829616651,
  5.686467242340731,
  5.709423514172669,
  5.724193009568126,
  5.750419468736246,
  5.757936844577029,
  5.766665704427293,
  5.804827256880505,
  5.833569160297416,
  5.843418719215409,
  5.8699753377381105,
  5.877390138316941,
  5.894547984428533,
  5.909543368023182,
  5.942396743317203,
  5.9654058222987825,
  5.985137798319637,
  6.007663368211632,
  6.031846464856948,
  6.045793530991097,
  6.056593903126175,
  6.059921147171838,
  6.111942728889369,
  6.119505108759739,
  6.148396990060847,
  6.153614972926666,
  6.19571536758596,
  6.2076723495496395,
  6.230669304688098,
  6.235006495018357,
  6.2538851837069735,
  6.276041464475568,
  6.293640885784526,
  6.301637202940444,
  6.323604243090796,
  6.349032092044836,
  6.376078758889608,
  6.397039332264409,
  6.404852261353878,
  6.421824422358014,
  6.428598964689053,
  6.441652958697221,
  6.4701769894921535,
  6.488214863037137,
  6.500482602900427,
  6.514694325567143,
  6.518945538487916,
  6.552428835678079,
  6.586422652796206,
  6.597116380466174,
  6.603711921285629,
  6.620983098614532,
  6.639421696589267,
  6.6548869458374815,
  6.6809852050115826,
  6.706201547238252,
  6.71731927692393,
  6.737662567899263,
  6.7480457484261755,
  6.77297173123623,
  6.775447844763963,
  6.8195331946301545,
  6.822373740628898,
  6.837836151890594,
  6.872899846808693,
  6.888612443808225,
  6.896060909496002,
  6.9103272649295,
  6.920373901969265,
  6.943161678717858,
  6.981488082478508,
  7.008120781558545,
  7.044950936931334,
  7.053582294404957,
  7.060354400149854,
  7.081424915359833,
  7.119314686730668,
  7.146001724061167,
  7.164643971404143,
  7.179506476956605,
  7.198565650960447,
  7.236952304385409,
  7.270490697403011,
  7.367063350588763,
  7.5255342456169,
  7.54321203906268,
  7.552436390595196,
  7.605807416718028,
  7.612213011249245,
  7.67192897431042,
  7.696853610247655,
  7.790823156744286,
  7.804347976253993,
  7.916115647871912,
  7.963824602662405,
  8.003861870774658,
  8.049397222143096,
  8.061144121754996,
  8.087058010301504,
  8.096641975499953,
  8.099207116298256,
  8.167835746630766,
  8.286645392161724,
  8.293988581873727,
  8.352543979853383,
  8.375702725256751,
  8.468317025745748,
  8.517906698691244,
  8.655318509263616,
  8.677663623265108,
  8.68737982344555,
  8.69697939620967,
  8.71779373149609,
  8.723233395476983,
  8.73501233367147,
  8.741238972961689,
  8.745839957805408,
  8.765516504041805,
  8.819312884436776,
  8.89073152700198,
  8.905997508658185,
  8.93925367623217,
  8.94778871221209,
  8.982315453490978,
  9.071291743901782,
  9.09544733902466,
  9.12073013434426,
  9.131689390545885,
  9.151134712970084,
  9.160002447697778,
  9.192454511061305,
  9.25041167263355,
  9.279087022106319,
  9.283177274305316,
  9.301355293776865,
  9.333588892220217,
  9.379411414508763,
  9.397848189852535,
  9.43131442522917,
  9.440104747880318,
  9.455288706131869,
  9.467809772629952,
  9.478348246329363,
  9.488297131890794,
  9.502915786536043,
  9.549283680504255,
  9.577875409322083,
  9.604420149501657,
  9.625181160953652,
  9.645130162780404,
  9.66890703013391,
  9.677613878506966,
  9.686580920876457,
  9.726651001841878,
  9.753747709667898,
  9.823526162468193,
  9.835449621207907,
  9.837776492926341,
  9.875864815306981,
  9.925257327544616,
  9.93066952265602,
  9.997334532498913,
  10.014462798330063,
  10.022291856999383,
  10.073468267235818,
  10.087993991341772,
  10.116034297042058,
  10.145254704783806,
  10.181590953307671,
  10.195842692010395,
  10.207423967316098,
  10.218942173015552,
  10.257522211866204,
  10.326353153316894,
  10.327715301128865,
  10.351555461368777,
  10.359842812513932,
  10.373448205036139,
  10.378995256952464,
  10.435445645963172,
  10.47471365250476,
  10.485635269958747,
  10.489848026677526,
  10.499796265645664,
  10.576256812264736,
  10.584359766170222,
  10.628487717553424,
  10.657314216680144,
  10.679175863936,
  10.683990949197993,
  10.69314633439734,
  10.699410556370525,
  10.704396819101172,
  10.71411305881377,
  10.733927773853328,
  10.760594536557168,
  10.78604124041811,
  10.798009975861136,
  10.872274084696897,
  10.944731011389488,
  10.96258569935959,
  10.99485176559759,
  11.01773352370751,
  11.079906262169848,
  11.167633946972643,
  11.211513546594233,
  11.233533262596296,
  11.274778845599421,
  11.364898469549336,
  11.389269090375086,
  11.419464872081026,
  11.480122120716779,
  11.520028045152607,
  11.605048866494814,
  11.619520165467929,
  11.624930485053648,
  11.626994554522641,
  11.63004403340571,
  11.640358258431661,
  11.697764832362882,
  11.724117341487855,
  11.747526413803943,
  11.795177611004304,
  11.814807959089144,
  11.851656689044628,
  12.153660571650232,
  12.188540711571685,
  12.207801089739366,
  12.26026528157071,
  12.266546880422414,
  12.29684626244756,
  12.341739535100636,
  12.370528175738402,
  12.472805817283524,
  12.522037123859544,
  12.546649167949592,
  12.62953777281537,
  12.636391874285318,
  12.654631518983766,
  12.66407825536671,
  12.675339872057704,
  12.77923578140135,
  12.811154816600837,
  12.854698221533413,
  12.876833469305343,
  12.921549587158147,
  12.928936045599242,
  12.963972294052562,
  12.979344708568997,
  13.072925827002816,
  13.073648665000988,
  13.100765790131408,
  13.255863901314184,
  13.286418407444941,
  13.421309091500536,
  13.456448815474493,
  13.559583324021315,
  13.574419062680574,
  13.733187422618377,
  13.744043012345553,
  13.770446613890357,
  13.78325123631476,
  13.801523121344983,
  13.835397274502752,
  13.849113560550142,
  13.867252763615197,
  13.91490380134441,
  13.960753561386927,
  13.973160952415833,
  13.998266316931606,
  14.02705173095256,
  14.052335898885984,
  14.101745194407286,
  14.11803431607932,
  14.125141877593029,
  14.156162544698939,
  14.407520156405331,
  14.483814444475023,
  14.499355124826643,
  14.522970179018577,
  14.576934925151496,
  14.595748491496352,
  14.663043651870261,
  14.827455425780919,
  15.379091288497712,
  15.512738142866253,
  15.526538885253109,
  15.901888874818685,
  15.91531866390046,
  16.00138473100691,
  16.005456021873144,
  16.026065074880123,
  16.045359552325902,
  16.090394813047215,
  16.28968496267543,
  16.382018672883657,
  16.442773559854942,
  16.446157609397584,
  16.47081086359451,
  16.4762368923903,
  16.530813171001892,
  16.58256230684501,
  16.636530945455412,
  16.69896287884618,
  16.775231896783307,
  16.8161176822005,
  16.82358198098793,
  16.914583483038292,
  17.241542059869587,
  17.312790526806147,
  17.355878954844602,
  17.380020370412172,
  17.466216722126806,
  17.953117125054348,
  18.037858676248966,
