{
 "n": 452,
 "m": 3142,
 "R": 24.149298939366922,
 "pi": [
  0,
  0,
  15798,
  162418,
  2097542,
  39708390,
  773460326,
  15511456006,
  323998369710,
  6932396330040,
  150606206032929,
  3312514164717686,
  73556054662529568,
  1645442161453472512
 ],
 "euler": 3856.1586852740006,
 "spec": -7.028428150948707
}