{
  "demos": [
    {
      "demo": "B1",
      "n_cells": 60,
      "mu_bio": 0.38196601125010515,
      "commutator_norm": 0.0,
      "involution_error": 0.0,
      "lambda_min_C_bio": 0.38196601125009527,
      "dim_Sigma_bio": 30,
      "expected_dim_Sigma_bio": 30,
      "mu_perp": 0.7230753086484465,
      "predicted_decay_rate": 0.9638462345675777,
      "measured_decay_rate": 0.963846234567578,
      "tau_is_involution": true,
      "tau_commutes_with_C": true,
      "mu_bio_is_lambda_min_C": true,
      "sigma_bio_nontrivial": true,
      "decay_rate_matches_prediction": true,
      "figure": null
    },
    {
      "demo": "B2",
      "n_units": 60,
      "excited_eigenmodes": [
        2,
        5,
        8
      ],
      "excited_projection_norm": 0.2638472862429899,
      "non_excited_average_projection_norm": 6.792751351909415e-09,
      "concentration_ratio": 38842476.7187781,
      "spectral_concentration_verified": true,
      "figure": null
    },
    {
      "demo": "B3",
      "n_units": 60,
      "lambda_max_baseline": 21.4311328270092,
      "closure_step_lam": 0.04199498025908127,
      "alpha_values": [
        0.0,
        0.012499999999999999,
        0.024999999999999998,
        0.0375,
        0.049999999999999996,
        0.06249999999999999,
        0.075,
        0.0875,
        0.09999999999999999,
        0.11249999999999999,
        0.12499999999999999,
        0.13749999999999998,
        0.15,
        0.16249999999999998,
        0.175,
        0.18749999999999997,
        0.19999999999999998,
        0.2125,
        0.22499999999999998,
        0.2375,
        0.24999999999999997,
        0.26249999999999996,
        0.27499999999999997,
        0.2875,
        0.3
      ],
      "lambda_max_seq": [
        21.4311328270092,
        21.69424741220616,
        21.95736199740316,
        22.220476582600156,
        22.48359116779715,
        22.74670575299414,
        23.009820338191126,
        23.272934923388117,
        23.536049508585112,
        23.799164093782085,
        24.062278678979084,
        24.325393264176064,
        24.588507849373052,
        24.851622434570043,
        25.114737019767034,
        25.37785160496402,
        25.640966190161016,
        25.90408077535802,
        26.167195360555,
        26.43030994575198,
        26.693424530948963,
        26.956539116145958,
        27.219653701342924,
        27.48276828653993,
        27.74588287173691
      ],
      "stability_margin_seq": [
        0.09999999999999998,
        0.08895050818877737,
        0.07790101637755287,
        0.06685152456632881,
        0.05580203275510465,
        0.044752540943880814,
        0.03370304913265687,
        0.022653557321432927,
        0.011604065510208761,
        0.0005545736989854833,
        -0.010494918112238905,
        -0.021544409923462293,
        -0.032593901734686126,
        -0.04364339354591018,
        -0.054692885357134235,
        -0.06574237716835807,
        -0.07679186897958212,
        -0.08784136079080662,
        -0.09889085260203023,
        -0.10994034441325384,
        -0.12098983622447745,
        -0.1320393280357015,
        -0.14308881984692468,
        -0.15413831165814917,
        -0.16518780346937278
      ],
      "effective_dim_sigma_seq": [
        60,
        60,
        60,
        60,
        60,
        60,
        60,
        60,
        60,
        60,
        59,
        59,
        59,
        59,
        59,
        58,
        58,
        58,
        58,
        57,
        57,
        56,
        56,
        56,
        55
      ],
      "critical_alpha": 0.12499999999999999,
      "spectrum_continuous_in_alpha": true,
      "criticality_threshold_detected": true,
      "dim_sigma_drops_with_alpha": true,
      "figure": null
    }
  ]
}