{
  "outcome": "A",
  "graph_term_origin": "tr(L) / (2|V|) where L is the graph Laplacian",
  "interpretation": "closure-cycle cost per vertex",
  "electron_value": 0.0,
  "proton_value": 0.6666666666666666,
  "leading_exponent": 15.666666666666666,
  "predicted_ratio": 1879.921424115189,
  "target_ratio": 1836.15267343,
  "error_pct": 2.383869733692176
}