{
  "outcome": "B (narrow)",
  "leading_exponent": 15.666666666666666,
  "target_exponent": 15.61771205904033,
  "needed_delta": -0.04895460762633519,
  "best_derived_delta": -0.024691358024691357,
  "corrected_exponent_CF4a": 15.641975308641975,
  "corrected_ratio_CF4a": 1857.7168000215092,
  "corrected_error_CF4a": 1.1745663492366718,
  "cumulant_direction": "WRONG (positive, not negative)",
  "conclusion": "Degree variance is the unified second-order source. Normalization convention is the final open specification."
}