model,chi2,n_params,n_data,chi2_red,aic,bic,H0,omega_m
LCDM,26.047420452300802,2,40,0.6854584329552843,30.047420452300802,33.425179360528674,66.53757892566668,0.3303818904106467
