phase,model,chi2,n_params,n_data,chi2_red,aic,bic,H0,omega_m,A,theta,z0,sigma
null,LCDM,91.27759213640437,2,80,1.1702255402103123,95.27759213640437,100.04164540575212,67.5437631091327,0.3130373168978678,,,,
null,VFD-A,90.37760009628552,4,80,1.1891789486353357,98.37760009628552,107.90570663498104,67.47724169678457,0.31456311202362425,-0.004581507818155024,1.0923729371119266,,
null,VFD-B,89.55243624182037,5,80,1.1940324832242717,99.55243624182037,111.46256941518978,80.66870176514568,0.40460468787583836,-0.3415399073110737,,0.49999999999776246,1.4999999974033726
inject_vfdA,LCDM,1655.736661733765,2,120,14.031666624862416,1659.736661733765,1665.3116452193292,67.05514915490974,0.3235291702040677,,,,
inject_vfdA,VFD-A,127.52642288314875,4,120,1.099365714509903,135.52642288314877,146.67638985427695,67.55262219797811,0.31300574984358376,0.0495529537588117,0.6921844340749629,,
inject_vfdB,LCDM,245.04568836206005,2,200,1.237604486677071,249.04568836206005,255.64232309515612,69.04939897735099,0.3170519788709397,,,,
inject_vfdB,VFD-B,201.73338261779614,5,200,1.0345301672707494,211.73338261779614,228.22496945053632,66.56242914662141,0.3166105155721131,0.2668416088161806,,0.045813512692186205,0.1906488953014454
