{
  "vertices_count": 120,
  "edge_degree": 12,
  "eigenvalues": [
    -3.708203932499371,
    -3.0000000000000027,
    -2.4721359549995823,
    -2.000000000000002,
    -1.7245136108565194e-15,
    2.999999999999995,
    6.472135954999577,
    9.708203932499357,
    11.999999999999996
  ],
  "eigenspace_dims": [
    4,
    16,
    9,
    36,
    25,
    16,
    9,
    4,
    1
  ],
  "generators": [
    "g1",
    "g2",
    "g3",
    "g4",
    "g5"
  ],
  "generator_descriptions": {
    "g1": "left mult by q1=(1/2,1/2,1/2,1/2) [Type-B; order 6]",
    "g2": "left mult by q2=-g5_quat [Type-C; order 10]",
    "g3": "right mult by q1=(1/2,1/2,1/2,1/2)",
    "g4": "left mult by q_i=(0,1,0,0) [Type-A; order 4]",
    "g5": "reflection through r_diag=(1,1,1,1)/2 [Type-B direction]"
  },
  "cycle_structures": {
    "g1": [
      6,
      6,
      6,
      6,
      6,
      6,
      6,
      6,
      6,
      6,
      6,
      6,
      6,
      6,
      6,
      6,
      6,
      6,
      6,
      6
    ],
    "g2": [
      10,
      10,
      10,
      10,
      10,
      10,
      10,
      10,
      10,
      10,
      10,
      10
    ],
    "g3": [
      6,
      6,
      6,
      6,
      6,
      6,
      6,
      6,
      6,
      6,
      6,
      6,
      6,
      6,
      6,
      6,
      6,
      6,
      6,
      6
    ],
    "g4": [
      4,
      4,
      4,
      4,
      4,
      4,
      4,
      4,
      4,
      4,
      4,
      4,
      4,
      4,
      4,
      4,
      4,
      4,
      4,
      4,
      4,
      4,
      4,
      4,
      4,
      4,
      4,
      4,
      4,
      4
    ],
    "g5": [
      2,
      2,
      2,
      2,
      2,
      2,
      2,
      2,
      2,
      2,
      2,
      2,
      2,
      2,
      2,
      2,
      2,
      2,
      2,
      2,
      2,
      2,
      2,
      2,
      2,
      2,
      2,
      2,
      2,
      2,
      2,
      2,
      2,
      2,
      2,
      2,
      2,
      2,
      2,
      2,
      2,
      2,
      2,
      2,
      2,
      1,
      1,
      1,
      1,
      1,
      1,
      1,
      1,
      1,
      1,
      1,
      1,
      1,
      1,
      1,
      1,
      1,
      1,
      1,
      1,
      1,
      1,
      1,
      1,
      1,
      1,
      1,
      1,
      1,
      1
    ]
  },
  "full_traces": {
    "g1": 0,
    "g2": 0,
    "g3": 0,
    "g4": 0,
    "g5": 30
  },
  "eigenspace_traces": [
    {
      "eigenvalue": -3.708203932499371,
      "dim": 4,
      "traces": {
        "g1": 2,
        "g2": 3,
        "g3": 2,
        "g4": 0,
        "g5": 2
      }
    },
    {
      "eigenvalue": -3.0000000000000027,
      "dim": 16,
      "traces": {
        "g1": 4,
        "g2": -4,
        "g3": 4,
        "g4": 0,
        "g5": 4
      }
    },
    {
      "eigenvalue": -2.4721359549995823,
      "dim": 9,
      "traces": {
        "g1": 0,
        "g2": 5,
        "g3": 0,
        "g4": -3,
        "g5": 3
      }
    },
    {
      "eigenvalue": -2.000000000000002,
      "dim": 36,
      "traces": {
        "g1": 0,
        "g2": -6,
        "g3": 0,
        "g4": 0,
        "g5": 6
      }
    },
    {
      "eigenvalue": -1.7245136108565194e-15,
      "dim": 25,
      "traces": {
        "g1": -5,
        "g2": 0,
        "g3": -5,
        "g4": 5,
        "g5": 5
      }
    },
    {
      "eigenvalue": 2.999999999999995,
      "dim": 16,
      "traces": {
        "g1": -4,
        "g2": 4,
        "g3": -4,
        "g4": 0,
        "g5": 4
      }
    },
    {
      "eigenvalue": 6.472135954999577,
      "dim": 9,
      "traces": {
        "g1": 0,
        "g2": -2,
        "g3": 0,
        "g4": -3,
        "g5": 3
      }
    },
    {
      "eigenvalue": 9.708203932499357,
      "dim": 4,
      "traces": {
        "g1": 2,
        "g2": -1,
        "g3": 2,
        "g4": 0,
        "g5": 2
      }
    },
    {
      "eigenvalue": 11.999999999999996,
      "dim": 1,
      "traces": {
        "g1": 1,
        "g2": 1,
        "g3": 1,
        "g4": 1,
        "g5": 1
      }
    }
  ],
  "checks": {
    "eigenspace_dim_sum_equals_120": true,
    "trace_sum_matches_full_per_generator": {
      "g1": true,
      "g2": true,
      "g3": true,
      "g4": true,
      "g5": true
    },
    "all_generators_commute_with_A": {
      "g1": true,
      "g2": true,
      "g3": true,
      "g4": true,
      "g5": true
    },
    "fingerprints_distinct": true,
    "trace_rounding_unambiguous_dev_lt_0p5": true,
    "max_trace_deviation": 0.2360679774997898,
    "trace_integrality_note": "Permutation-rep traces are theoretically integer (Burnside), but numpy.linalg.eigh returns an arbitrary orthonormal basis within each degenerate eigenspace; the trace of B^T\u00b7P\u00b7B is basis-independent in theory but numerically noisy at magnitude ~sqrt(dim)*eps*||P||. Rounding to nearest int is unambiguous because max deviation 0.236 << 0.5."
  },
  "deviation_from_WO": "WO 1.4 specifies q2 = (1/2, 1/2, phi/2, 1/(2*phi)), which is not a unit quaternion (norm-squared = 5/4). Substituted q2 = -g5_quat where g5_quat = (1/(2*phi), phi/2, 1/2, 0) is an order-5 V_600 element. -g5_quat has order 10 and is a V_600 vertex.",
  "overall_pass": true
}