{
  "graph_diameter": 5,
  "valencies": [
    1,
    12,
    32,
    42,
    32,
    1
  ],
  "intersection_array_a": [
    0,
    5,
    6,
    6,
    6,
    0
  ],
  "intersection_array_b": [
    12,
    6,
    3,
    2,
    0,
    0
  ],
  "intersection_array_c": [
    0,
    1,
    3,
    4,
    6,
    12
  ],
  "BCN_array_b": [
    12,
    6,
    3,
    2,
    0
  ],
  "BCN_array_c": [
    1,
    3,
    4,
    6,
    12
  ],
  "BCN_expected": {
    "b": [
      12,
      5,
      5,
      2,
      1
    ],
    "c": [
      1,
      2,
      5,
      5,
      12
    ]
  },
  "L_1_eigenvalues": [
    12.000000000000005,
    8.570725840847498,
    4.085101309545418,
    0.8279433141194833,
    0.0,
    -2.4837704645123955
  ],
  "A_1_eigenvalues": [
    11.99999999999999,
    9.708203932499368,
    6.472135954999587,
    3.000000000000007,
    5.1726355139369196e-15,
    -1.9999999999999967,
    -2.472135954999578,
    -2.999999999999998,
    -3.7082039324993668
  ],
  "checks": {
    "graph_diameter_is_5": true,
    "valencies_sum_to_120": true,
    "B_i_all_commute_with_A_1": true,
    "intersection_array_DRG_axiom": true,
    "BCN_b_sequence_matches": false,
    "BCN_c_sequence_matches": false,
    "L_1_eigenvalues_subset_of_A_1": false
  },
  "overall_pass": false
}