{
  "n_vertices": 120,
  "n_shells": 9,
  "eigenvalues_A1": [
    11.999999999999996,
    9.708203932499357,
    6.472135954999577,
    2.999999999999995,
    -1.7245136108565194e-15,
    -2.000000000000002,
    -2.4721359549995823,
    -3.0000000000000027,
    -3.708203932499371
  ],
  "multiplicities": [
    1,
    4,
    9,
    16,
    25,
    36,
    9,
    16,
    4
  ],
  "valencies": [
    1,
    12,
    20,
    12,
    30,
    12,
    20,
    12,
    1
  ],
  "polynomial_table": [
    {
      "i": 0,
      "degree": 0,
      "coefficients_float": [
        1.0
      ],
      "coefficients_zphi": [
        [
          1,
          [
            1,
            0
          ]
        ]
      ]
    },
    {
      "i": 1,
      "degree": 1,
      "coefficients_float": [
        1.7763568394002505e-15,
        1.0000000000000135
      ],
      "coefficients_zphi": [
        [
          0,
          null
        ],
        [
          1,
          [
            1,
            0
          ]
        ]
      ]
    },
    {
      "i": 2,
      "degree": 8,
      "coefficients_float": [
        -4.000000000034021,
        -16.48753604457335,
        -6.394521698576995,
        3.0454421597922368,
        1.0537607210079907,
        -0.2185966230645535,
        -0.02984759289729664,
        0.0070208729876609635,
        -0.0003116945423458824
      ],
      "coefficients_zphi": [
        [
          1,
          [
            -4,
            0
          ]
        ],
        [
          "?",
          null
        ],
        [
          "?",
          null
        ],
        [
          "?",
          null
        ],
        [
          "?",
          null
        ],
        [
          "?",
          null
        ],
        [
          "?",
          null
        ],
        [
          "?",
          null
        ],
        [
          "?",
          null
        ]
      ]
    },
    {
      "i": 3,
      "degree": 8,
      "coefficients_float": [
        -1.261923898709938e-10,
        44.462608133729454,
        20.183565095731975,
        -9.136326479376738,
        -3.161282163023971,
        0.6557898691936583,
        0.08954277869188983,
        -0.02106261896298285,
        0.0009350836270376454
      ],
      "coefficients_zphi": [
        [
          0,
          null
        ],
        [
          "?",
          null
        ],
        [
          "?",
          null
        ],
        [
          "?",
          null
        ],
        [
          "?",
          null
        ],
        [
          "?",
          null
        ],
        [
          "?",
          null
        ],
        [
          "?",
          null
        ],
        [
          "?",
          null
        ]
      ]
    },
    {
      "i": 4,
      "degree": 8,
      "coefficients_float": [
        6.0000000000273985,
        -71.53532217718903,
        -32.95265313853551,
        14.536783940289133,
        4.983929507208075,
        -1.0315614554210697,
        -0.14188743401347226,
        0.033279485053056605,
        -0.0014766761837033766
      ],
      "coefficients_zphi": [
        [
          1,
          [
            6,
            0
          ]
        ],
        [
          "?",
          null
        ],
        [
          "?",
          null
        ],
        [
          "?",
          null
        ],
        [
          "?",
          null
        ],
        [
          "?",
          null
        ],
        [
          "?",
          null
        ],
        [
          "?",
          null
        ],
        [
          "?",
          null
        ]
      ]
    },
    {
      "i": 5,
      "degree": 8,
      "coefficients_float": [
        -1.3562839740188792e-10,
        75.1938879464515,
        32.602009055214495,
        -14.794680249165433,
        -5.097332264401097,
        1.0388030822383099,
        0.15012890649698896,
        -0.03454707183164114,
        0.0015274895722128974
      ],
      "coefficients_zphi": [
        [
          0,
          null
        ],
        [
          "?",
          null
        ],
        [
          "?",
          null
        ],
        [
          "?",
          null
        ],
        [
          "?",
          null
        ],
        [
          "?",
          null
        ],
        [
          "?",
          null
        ],
        [
          "?",
          null
        ],
        [
          "?",
          null
        ]
      ]
    },
    {
      "i": 6,
      "degree": 8,
      "coefficients_float": [
        -3.9999999999608917,
        -24.31881316223222,
        -10.455742851871225,
        4.771841790914768,
        1.8736937175853976,
        -0.3486848780193577,
        -0.06158391797943951,
        0.013190277316271825,
        -0.0005750387518033118
      ],
      "coefficients_zphi": [
        [
          1,
          [
            -4,
            0
          ]
        ],
        [
          "?",
          null
        ],
        [
          "?",
          null
        ],
        [
          "?",
          null
        ],
        [
          "?",
          null
        ],
        [
          "?",
          null
        ],
        [
          "?",
          null
        ],
        [
          "?",
          null
        ],
        [
          "?",
          null
        ]
      ]
    },
    {
      "i": 7,
      "degree": 8,
      "coefficients_float": [
        1.5774048733874224e-11,
        -18.479666909344733,
        -6.087261163717459,
        3.628246242874076,
        0.8223702925258088,
        -0.22440110631201307,
        -0.018053272368730347,
        0.005489630088819275,
        -0.0002538953916078037
      ],
      "coefficients_zphi": [
        [
          0,
          null
        ],
        [
          "?",
          null
        ],
        [
          "?",
          null
        ],
        [
          "?",
          null
        ],
        [
          "?",
          null
        ],
        [
          "?",
          null
        ],
        [
          "?",
          null
        ],
        [
          "?",
          null
        ],
        [
          "?",
          null
        ]
      ]
    },
    {
      "i": 8,
      "degree": 8,
      "coefficients_float": [
        1.0000000000086402,
        10.145794594093813,
        3.0871443842910997,
        -2.052233331253327,
        -0.47240612483519556,
        0.1291214229664475,
        0.011595814257008752,
        -0.0033852718881041254,
        0.00015656882482476358
      ],
      "coefficients_zphi": [
        [
          1,
          [
            1,
            0
          ]
        ],
        [
          "?",
          null
        ],
        [
          "?",
          null
        ],
        [
          "?",
          null
        ],
        [
          "?",
          null
        ],
        [
          "?",
          null
        ],
        [
          "?",
          null
        ],
        [
          "?",
          null
        ],
        [
          "?",
          null
        ]
      ]
    }
  ],
  "intersection_array_b_seq": [
    12,
    5,
    3,
    5,
    2,
    5,
    3,
    1
  ],
  "intersection_array_c_seq": [
    1,
    3,
    5,
    2,
    5,
    3,
    5,
    12
  ],
  "intersection_array_a_seq": [
    0,
    5,
    3,
    0,
    4,
    0,
    3,
    5,
    0
  ],
  "central_character_P8": [
    1,
    -1,
    1,
    -1,
    1,
    -1,
    1,
    1,
    -1
  ],
  "central_pairing": {
    "dim_4": {
      "j_indices": [
        1,
        8
      ],
      "P_8_values": [
        -1,
        -1
      ],
      "opposite_sign": false
    },
    "dim_9": {
      "j_indices": [
        2,
        6
      ],
      "P_8_values": [
        1,
        1
      ],
      "opposite_sign": false
    },
    "dim_16": {
      "j_indices": [
        3,
        7
      ],
      "P_8_values": [
        -1,
        1
      ],
      "opposite_sign": true
    }
  },
  "checks": {
    "A_1_has_9_distinct_eigenvalues": true,