{
  "L_1_matrix": [
    [
      0.0,
      1.0,
      0.0,
      0.0,
      0.0,
      0.0,
      0.0,
      0.0,
      0.0
    ],
    [
      12.0,
      5.0,
      3.0,
      0.0,
      0.0,
      0.0,
      0.0,
      0.0,
      0.0
    ],
    [
      0.0,
      5.0,
      3.0,
      5.0,
      0.0,
      0.0,
      0.0,
      0.0,
      0.0
    ],
    [
      0.0,
      0.0,
      3.0,
      0.0,
      2.0,
      0.0,
      0.0,
      0.0,
      0.0
    ],
    [
      0.0,
      0.0,
      0.0,
      5.0,
      4.0,
      5.0,
      0.0,
      0.0,
      0.0
    ],
    [
      0.0,
      0.0,
      0.0,
      0.0,
      2.0,
      0.0,
      3.0,
      0.0,
      0.0
    ],
    [
      0.0,
      0.0,
      0.0,
      0.0,
      0.0,
      5.0,
      3.0,
      5.0,
      0.0
    ],
    [
      0.0,
      0.0,
      0.0,
      0.0,
      0.0,
      0.0,
      3.0,
      5.0,
      12.0
    ],
    [
      0.0,
      0.0,
      0.0,
      0.0,
      0.0,
      0.0,
      0.0,
      1.0,
      0.0
    ]
  ],
  "L_1_eigenvalues": [
    9.717960781508529,
    9.399381805316855,
    6.863986309964047,
    3.7151544760647828,
    2.2461870771947585,
    -1.380406167035885,
    -1.9840556005912575,
    -3.734130114345743,
    -4.844078568076078
  ],
  "A_1_eigenvalues": [
    11.999999999999996,
    9.708203932499357,
    6.472135954999577,
    2.999999999999995,
    -1.7245136108565194e-15,
    -2.000000000000002,
    -2.4721359549995823,
    -3.0000000000000027,
    -3.708203932499371
  ],
  "max_deviation": 2.2820392184914677,
  "spectra_match": false,
  "interpretation": "If L_1 (built from the intersection-array tridiagonal) and A_1 share the same spectrum, V_600's distance-regular structure is fully captured by the intersection array. This is the classical Sturm-Liouville-style verification of P-polynomial associativity."
}