{
  "phase": "A",
  "checks": {
    "A1_basis_chosen": {
      "det": -0.1545084971874737,
      "pass": true
    },
    "A2_v600_span": {
      "success": 120,
      "total": 120,
      "pass": true
    },
    "A3_mult_table": {
      "closure": true,
      "associative": true,
      "pass": true
    },
    "A4_unit_group": {
      "n_units_found": 120,
      "expected": 120,
      "pass": true
    },
    "A5_2T_subgroup": {
      "closure_count": 576,
      "total_products": 576,
      "pass": true
    },
    "A6_reduced_norm": {
      "G_matrix": [
        [
          1.0,
          0.0,
          0.5,
          0.8090169943749475
        ],
        [
          0.0,
          1.0,
          0.5,
          0.5
        ],
        [
          0.5,
          0.5,
          1.0,
          0.8090169943749475
        ],
        [
          0.8090169943749475,
          0.5,
          0.8090169943749475,
          1.0
        ]
      ],
      "2G_zphi": [
        [
          [
            2,
            0
          ],
          [
            0,
            0
          ],
          [
            1,
            0
          ],
          [
            0,
            1
          ]
        ],
        [
          [
            0,
            0
          ],
          [
            2,
            0
          ],
          [
            1,
            0
          ],
          [
            1,
            0
          ]
        ],
        [
          [
            1,
            0
          ],
          [
            1,
            0
          ],
          [
            2,
            0
          ],
          [
            0,
            1
          ]
        ],
        [
          [
            0,
            1
          ],
          [
            1,
            0
          ],
          [
            0,
            1
          ],
          [
            2,
            0
          ]
        ]
      ],
      "pass": true
    }
  },
  "overall_pass": true
}