{
  "v600_size": 120,
  "n_edges": 720,
  "n_steps": 2000,
  "dt": 0.05,
  "lambda": 0.1,
  "phi_inv_squared": 0.38196601125010515,
  "V_initial": 9.79933432734471,
  "V_final": 0.05675798896302285,
  "V_decrease": 9.742576338381687,
  "grad_norm_initial": 1.3962316606964267,
  "grad_norm_final": 6.199606341280232e-05,
  "V_monotone_nonincreasing": true,
  "critical_point_reached": true,
  "late_contraction_rate_per_step": 0.0351659422454966,
  "contraction_positive": true,
  "all_three_pass": true
}