P_0,n_primes,partial_sum,tail_error
10,4,0.996155,71.349804
30,10,-5.944289,64.409360
70,19,-21.893309,48.460340
130,31,-39.687947,30.665702
200,46,-70.353649,0.000000
