{
  "n_vertices": 600,
  "n_vertices_expected": 600,
  "vertex_count_ok": true,
  "edge_length": 0.7639320225002102,
  "regular": true,
  "common_degree": 4,
  "degree_expected": 4,
  "degree_ok": true,
  "n_distinct_eigs": 27,
  "total_dim": 600,
  "distinct_eigs": [
    -2.8541019662496887,
    -2.791287847477924,
    -2.696392779347108,
    -2.6180339887499007,
    -2.477352348008974,
    -2.4142135623731003,
    -2.236067977499793,
    -2.0000000000000004,
    -1.0000000000000013,
    -0.6180339887499046,
    -0.3819660112501151,
    -0.30277563773199867,
    -3.4170329990837216e-15,
    0.4142135623730872,
    0.55192943023125,
    0.9999999999999846,
    1.1781940800207449,
    1.3819660112501018,
    1.6180339887498876,
    1.7912878474779172,
    2.2360679774997787,
    2.518198699326325,
    2.9254229177776927,
    3.3027756377319832,
    3.6180339887498865,
    3.8541019662496803,
    4.0000000000000036
  ],
  "multiplicities": [
    4,
    16,
    36,
    30,
    25,
    48,
    24,
    8,
    8,
    24,
    30,
    16,
    18,
    48,
    25,
    40,
    36,
    9,
    24,
    16,
    24,
    36,
    25,
    16,
    9,
    4,
    1
  ],
  "mult_multiset": [
    1,
    4,
    4,
    8,
    8,
    9,
    9,
    16,
    16,
    16,
    16,
    18,
    24,
    24,
    24,
    24,
    25,
    25,
    25,
    30,
    30,
    36,
    36,
    36,
    40,
    48,
    48
  ],
  "pattern_1155_found": false,
  "K_cosine_matches": [
    {
      "eig": 0.9999999999999846,
      "K": 20,
      "target": 1.0000000000000002,
      "err": 1.5654144647214707e-14
    }
  ]
}