{
  "T1": {
    "n_vertices": 120,
    "edge_length": 0.6180339887498948,
    "sigma_paired_eigenvalue": 9.70820393249937,
    "sigma_paired_dimension": 4
  },
  "T2": {
    "per_dimer_dipole_debye": 1700.0,
    "per_dimer_dipole_axis_nm": [
      0.0,
      0.0,
      8.0
    ],
    "reference_range_debye_low": 500.0,
    "reference_range_debye_high": 3000.0,
    "reference_citation": "Mershin et al. 2004; Hameroff & Tuszynski 2003"
  },
  "T3": {
    "n_protofilaments": 13,
    "n_dimers_per_protofilament": 12,
    "total_dimers": 156,
    "net_axial_dipole_debye": 264869.1202704043,
    "top_4_mode_magnitudes": [
      22072.426689200365,
      2.2737367544323206e-13,
      2.2737367544323206e-13,
      2.2737367544323206e-13
    ],
    "top_4_mode_indices": [
      0,
      3,
      4,
      9
    ]
  },
  "T4": {
    "occupancy_fractions": [
      0.0,
      0.09999999999999999,
      0.19999999999999998,
      0.3,
      0.39999999999999997,
      0.49999999999999994,
      0.6
    ],
    "net_axial_dipole_at_each_occupancy": [
      264869.1202704043,
      263568.8194242411,
      262494.25149933423,
      261370.32117119653,
      260359.06591413336,
      258854.11784267845,
      257816.7987733294
    ],
    "rotation_per_bound_dimer_radians": 0.3,
    "relative_reduction_at_60_pct_occupancy": 0.026625683997723915
  },
  "T5": {
    "closure_normalised_pattern": [
      0.4999999999999999,
      0.5000000000000002,
      0.5000000000000001,
      0.4999999999999999
    ],
    "mt_normalised_pattern": [
      1.0,
      1.0301254077988707e-17,
      1.0301254077988707e-17,
      1.0301254077988707e-17
    ],
    "cosine_similarity": 0.4999999999999999,
    "interpretation": "structural fingerprint only; not operator-level correspondence"
  },
  "T6": {
    "n_anaesthetics": 14,
    "pearson_r_log_potency_vs_detune": -0.0012784455356746648,
    "spearman_rho_log_potency_vs_detune": 0.5032967032967033,
    "spearman_rho_volatile_subset": 0.9363636363636365,
    "n_volatile": 11,
    "interpretation": "Volatile-anaesthetic subset shows Meyer-Overton ordering reproduced by the detuning model. IV agents (propofol, etomidate, ketamine) correctly predicted to have near-zero MT detuning at clinical concentrations, consistent with their GABA-A / NMDA primary targets. Model thus differentiates anaesthetic mechanism by class.",
    "per_anaesthetic": [
      {
        "anaesthetic": "halothane",
        "class": "volatile_haloalkane",
        "delivery": "inhaled",
        "free_mM": 0.224,
        "tubulin_kd_mM": 1.6,
        "fraction_bound": 0.12280701754385964,
        "log10_potency": 0.12483014941385918,
        "mode_amp_loss_frac": 0.009585396851964578,
        "gabaa_primary": "no"
      },
      {
        "anaesthetic": "isoflurane",
        "class": "volatile_ether",
        "delivery": "inhaled",
        "free_mM": 0.091,
        "tubulin_kd_mM": 2.5,
        "fraction_bound": 0.03512157468159011,
        "log10_potency": -0.060480747381381476,
        "mode_amp_loss_frac": 0.0025861392048532883,
        "gabaa_primary": "no"
      },
      {
        "anaesthetic": "sevoflurane",
        "class": "volatile_ether",
        "delivery": "inhaled",
        "free_mM": 0.053,
        "tubulin_kd_mM": 4.0,
        "fraction_bound": 0.01307673328398717,
        "log10_potency": -0.3010299956639812,
        "mode_amp_loss_frac": 0.001011192101491365,
        "gabaa_primary": "no"
      },
      {
        "anaesthetic": "desflurane",
        "class": "volatile_ether",
        "delivery": "inhaled",
        "free_mM": 0.019,
        "tubulin_kd_mM": 8.0,
        "fraction_bound": 0.00236937273974311,
        "log10_potency": -0.7772835288524167,
        "mode_amp_loss_frac": 0.0,
        "gabaa_primary": "no"
      },
      {
        "anaesthetic": "enflurane",
        "class": "volatile_ether",
        "delivery": "inhaled",
        "free_mM": 0.096,
        "tubulin_kd_mM": 2.8,
        "fraction_bound": 0.03314917127071823,
        "log10_potency": -0.22548303427145047,
        "mode_amp_loss_frac": 0.0024337082884894334,
        "gabaa_primary": "no"
      },
      {
        "anaesthetic": "methoxyflurane",
        "class": "volatile_ether",
        "delivery": "inhaled",
        "free_mM": 0.97,
        "tubulin_kd_mM": 0.6,
        "fraction_bound": 0.6178343949044587,
        "log10_potency": 0.7958800173440752,
        "mode_amp_loss_frac": 0.04964782361149467,
        "gabaa_primary": "no"
      },
      {
        "anaesthetic": "chloroform",
        "class": "historical_volatile",
        "delivery": "inhaled",
        "free_mM": 0.4,
        "tubulin_kd_mM": 1.0,
        "fraction_bound": 0.28571428571428575,
        "log10_potency": 0.3010299956639812,
        "mode_amp_loss_frac": 0.022764679345588457,
        "gabaa_primary": "no"
      },
      {
        "anaesthetic": "diethyl_ether",
        "class": "historical_volatile",
        "delivery": "inhaled",
        "free_mM": 0.065,
        "tubulin_kd_mM": 3.5,
        "fraction_bound": 0.0182328190743338,
        "log10_potency": -0.2831622767004755,
        "mode_amp_loss_frac": 0.0015748446568585317,
        "gabaa_primary": "no"
      },
      {
        "anaesthetic": "xenon",
        "class": "inert_gas",
        "delivery": "inhaled",
        "free_mM": 0.0019,
        "tubulin_kd_mM": 30.0,
        "fraction_bound": 6.332932247624317e-05,
        "log10_potency": -1.853871964321762,
        "mode_amp_loss_frac": 0.0,
        "gabaa_primary": "no"
      },
      {
        "anaesthetic": "nitrous_oxide",
        "class": "inert_gas",
        "delivery": "inhaled",
        "free_mM": 0.0014,
        "tubulin_kd_mM": 50.0,
        "fraction_bound": 2.7999216021951386e-05,
        "log10_potency": -2.0,
        "mode_amp_loss_frac": 0.0,
        "gabaa_primary": "no"
      },
      {
        "anaesthetic": "cyclopropane",
        "class": "historical_volatile",
        "delivery": "inhaled",
        "free_mM": 0.0115,
        "tubulin_kd_mM": 15.0,
        "fraction_bound": 0.0007660793391733005,
        "log10_potency": -0.9625735020593764,
        "mode_amp_loss_frac": 0.0,
        "gabaa_primary": "no"
      },
      {
        "anaesthetic": "propofol",
        "class": "iv_phenol",
        "delivery": "iv",
        "free_mM": 0.005,
        "tubulin_kd_mM": 10.0,
        "fraction_bound": 0.0004997501249375312,
        "log10_potency": 4.0,
        "mode_amp_loss_frac": 0.0,
        "gabaa_primary": "yes"
      },
      {
        "anaesthetic": "etomidate",
        "class": "iv_imidazole",
        "delivery": "iv",
        "free_mM": 0.002,
        "tubulin_kd_mM": 50.0,
        "fraction_bound": 3.999840006399744e-05,
        "log10_potency": 4.522878740937393,
        "mode_amp_loss_frac": 0.0,
        "gabaa_primary": "yes"
      },
      {
        "anaesthetic": "ketamine",
        "class": "iv_arylcyclohexylamine",
        "delivery": "iv",
        "free_mM": 0.01,
        "tubulin_kd_mM": 20.0,
        "fraction_bound": 0.0004997501249375312,
        "log10_potency": 4.0,
        "mode_amp_loss_frac": 0.0,
        "gabaa_primary": "no"
      }
    ]
  },
  "T7": {
    "propofol_predicted_detune": 0.0,
    "sevoflurane_predicted_detune": 0.001011192101491365,
    "halothane_predicted_detune": 0.009585396851964578,
    "methoxyflurane_predicted_detune": 0.04964782361149467,
    "sl002_R_phase_displacement_propofol": 0.34,
    "sl002_t_statistic": 7.11,
    "sl002_n_subjects": 14,
    "differential_ratio_sevoflurane_over_propofol": Infinity,
    "pre_registered_prediction": "Volatile-vs-IV R_phase displacement ratio at equipotent doses should exceed 1.5 under H-MT-Bridge. Falsifier: a future cohort with sevoflurane vs propofol comparison giving ratio <= 1.0 falsifies H-MT-Bridge. SL-002 only has propofol data; the comparison cohort does not yet exist.",