{
  "n_vertices": 120,
  "score_distribution": {
    "min": 0.0002992594401128146,
    "max": 0.00029925944011282245,
    "mean": 0.00029925944011282,
    "std": 1.1270401962335018e-18,
    "max_over_min_ratio": 1.0000000000000262
  },
  "vertices_within_5pct_of_max": 120,
  "interpretation": "V_600 leverage is uniform across vertices \u2014 an expected consequence of the full H_4 symmetry group of order 14400 acting transitively on the 120 vertices. The CCN concept is therefore not a substrate-level structural feature of V_600 itself; it emerges only when biological symmetry-breaking (sequence variation, helical pitch, dimer arrangement) differentiates the substrate. This is a STRUCTURAL OBSERVATION not a falsifier: V_600 provides the abstract sigma-paired class; biology provides the node-level leverage variation.",
  "scores_per_vertex": [
    0.00029925944011281866,
    0.00029925944011281855,
    0.0002992594401128193,
    0.0002992594401128166,
    0.0002992594401128168,
    0.0002992594401128193,
    0.000299259440112819,
    0.0002992594401128211,
    0.0002992594401128204,
    0.0002992594401128146,
    0.000299259440112819,
    0.00029925944011281855,
    0.00029925944011282006,
    0.00029925944011281985,
    0.0002992594401128194,
    0.00029925944011281947,
    0.0002992594401128205,
    0.000299259440112818,
    0.0002992594401128195,
    0.00029925944011281925,
    0.0002992594401128205,
    0.0002992594401128192,
    0.000299259440112819,
    0.00029925944011282044,
    0.0002992594401128217,
    0.00029925944011281914,
    0.00029925944011282115,
    0.0002992594401128201,
    0.00029925944011282034,
    0.00029925944011282077,
    0.00029925944011281996,
    0.00029925944011282034,
    0.0002992594401128201,
    0.00029925944011282093,
    0.00029925944011282093,
    0.0002992594401128222,
    0.00029925944011282185,
    0.00029925944011282153,
    0.0002992594401128221,
    0.0002992594401128205,
    0.00029925944011282196,
    0.00029925944011281963,
    0.0002992594401128217,
    0.00029925944011282066,
    0.00029925944011282093,
    0.0002992594401128207,
    0.000299259440112821,
    0.0002992594401128207,
    0.00029925944011282006,
    0.00029925944011282,
    0.0002992594401128194,
    0.0002992594401128192,
    0.00029925944011281925,
    0.00029925944011282006,
    0.00029925944011282034,
    0.0002992594401128207,
    0.0002992594401128205,
    0.0002992594401128191,
    0.0002992594401128184,
    0.00029925944011281936,
    0.0002992594401128207,
    0.00029925944011281866,
    0.0002992594401128201,
    0.00029925944011282185,
    0.00029925944011281963,
    0.00029925944011281974,
    0.00029925944011282044,
    0.0002992594401128201,
    0.00029925944011282023,
    0.00029925944011282006,
    0.00029925944011281996,
    0.0002992594401128206,
    0.0002992594401128205,
    0.00029925944011282,
    0.00029925944011282023,
    0.00029925944011282055,
    0.0002992594401128206,
    0.0002992594401128195,
    0.00029925944011281833,
    0.0002992594401128185,
    0.00029925944011282023,
    0.0002992594401128216,
    0.00029925944011282093,
    0.00029925944011282077,
    0.0002992594401128205,
    0.0002992594401128207,
    0.00029925944011282245,
    0.0002992594401128206,
    0.0002992594401128218,
    0.0002992594401128201,
    0.00029925944011282044,
    0.00029925944011282034,
    0.00029925944011282055,
    0.0002992594401128207,
    0.0002992594401128204,
    0.0002992594401128214,
    0.0002992594401128196,
    0.00029925944011281925,
    0.0002992594401128207,
    0.0002992594401128199,
    0.00029925944011281985,
    0.00029925944011281876,
    0.0002992594401128213,
    0.0002992594401128189,
    0.00029925944011282006,
    0.00029925944011281866,
    0.0002992594401128189,
    0.0002992594401128198,
    0.0002992594401128195,
    0.00029925944011282006,
    0.00029925944011281974,
    0.00029925944011281936,
    0.00029925944011282034,
    0.000299259440112821,
    0.000299259440112819,
    0.0002992594401128207,
    0.0002992594401128207,
    0.0002992594401128192,
    0.0002992594401128202,
    0.0002992594401128195
  ]
}