{
  "ranking": [
    {
      "residue": "TYR210",
      "n_signals_present": 8,
      "composite_mean": 0.7228921337729628,
      "raw_signals": {
        "t8_ccn_original": 0.17543859649122806,
        "t14_ccn_refined": 0.17543859649122806,
        "t17_rp_partners": 3.0,
        "t19_dewetting": 0.20833333333333334,
        "t21_ring_coherence_mean": 0.8119496016922497,
        "t22_isotype_conservation_pct": 100.0,
        "t23_lattice_contacts": 3.0,
        "t25_b_factor": 35.82
      },
      "normalised_signals": {
        "t8_ccn_original": 1.0,
        "t14_ccn_refined": 1.0,
        "t17_rp_partners": 0.09090909090909091,
        "t19_dewetting": 0.0,
        "t21_ring_coherence_mean": 1.0,
        "t22_isotype_conservation_pct": 1.0,
        "t23_lattice_contacts": 1.0,
        "t25_b_factor": 0.6922279792746113
      }
    },
    {
      "residue": "TYR53",
      "n_signals_present": 8,
      "composite_mean": 0.43140809587694084,
      "raw_signals": {
        "t8_ccn_original": 0.023204819236475792,
        "t14_ccn_refined": 0.023204819236475792,
        "t17_rp_partners": 9.0,
        "t19_dewetting": 0.49777777777777776,
        "t21_ring_coherence_mean": 0.7731502915422028,
        "t22_isotype_conservation_pct": 100.0,
        "t23_lattice_contacts": 0.0,
        "t25_b_factor": 45.91
      },
      "normalised_signals": {
        "t8_ccn_original": 0.0,
        "t14_ccn_refined": 0.0,
        "t17_rp_partners": 0.6363636363636364,
        "t19_dewetting": 0.6946666666666667,
        "t21_ring_coherence_mean": 0.7765384363513719,
        "t22_isotype_conservation_pct": 1.0,
        "t23_lattice_contacts": 0.0,
        "t25_b_factor": 0.34369602763385154
      }
    },
    {
      "residue": "TYR185",
      "n_signals_present": 8,
      "composite_mean": 0.4293739878239713,
      "raw_signals": {
        "t8_ccn_original": 0.036320411080238396,
        "t14_ccn_refined": 0.026105287462563635,
        "t17_rp_partners": 6.0,
        "t19_dewetting": 0.625,
        "t21_ring_coherence_mean": 0.6383210388354397,
        "t22_isotype_conservation_pct": 100.0,
        "t23_lattice_contacts": 0.0,
        "t25_b_factor": 27.89
      },
      "normalised_signals": {
        "t8_ccn_original": 0.08615428244820206,
        "t14_ccn_refined": 0.01905272455556376,
        "t17_rp_partners": 0.36363636363636365,
        "t19_dewetting": 1.0,
        "t21_ring_coherence_mean": 0.0,
        "t22_isotype_conservation_pct": 1.0,
        "t23_lattice_contacts": 0.0,
        "t25_b_factor": 0.9661485319516407
      }
    },
    {
      "residue": "TYR202",
      "n_signals_present": 8,
      "composite_mean": 0.4151254815868288,
      "raw_signals": {
        "t8_ccn_original": 0.0753967171747777,
        "t14_ccn_refined": 0.03571126297999437,
        "t17_rp_partners": 13.0,
        "t19_dewetting": 0.45,
        "t21_ring_coherence_mean": 0.6931894897450522,
        "t22_isotype_conservation_pct": 87.5,
        "t23_lattice_contacts": 0.0,
        "t25_b_factor": 26.91
      },
      "normalised_signals": {
        "t8_ccn_original": 0.3428404581393426,
        "t14_ccn_refined": 0.08215288334197966,
        "t17_rp_partners": 1.0,
        "t19_dewetting": 0.5800000000000001,
        "t21_ring_coherence_mean": 0.3160105112133082,
        "t22_isotype_conservation_pct": 0.0,
        "t23_lattice_contacts": 0.0,
        "t25_b_factor": 1.0
      }
    },
    {
      "residue": "PHE214",
      "n_signals_present": 8,
      "composite_mean": 0.09962718937236552,
      "raw_signals": {
        "t8_ccn_original": 0.024668371496311275,
        "t14_ccn_refined": 0.024668371496311275,
        "t17_rp_partners": 2.0,
        "t19_dewetting": 0.24,
        "t21_ring_coherence_mean": 0.7601717968405961,
        "t22_isotype_conservation_pct": 87.5,
        "t23_lattice_contacts": 0.0,
        "t25_b_factor": 55.86
      },
      "normalised_signals": {
        "t8_ccn_original": 0.009613847112170998,
        "t14_ccn_refined": 0.009613847112170998,
        "t17_rp_partners": 0.0,
        "t19_dewetting": 0.07599999999999996,
        "t21_ring_coherence_mean": 0.7017898207545822,
        "t22_isotype_conservation_pct": 0.0,
        "t23_lattice_contacts": 0.0,
        "t25_b_factor": 0.0
      }
    }
  ],
  "verdict": "TYR210 dominates the composite ranking (0.29 gap to runner-up). Robust convergence."
}