{
  "n_residues_scored": 42,
  "scores_by_resnum": {
    "20": {
      "residue": "PHE",
      "resnum": 20,
      "aromatic_neighbour_count": 1,
      "aromatic_neighbour_norm": 0.3333333333333333,
      "pocket_distance_angstrom": 12.782663376620691,
      "pocket_proximity_norm": 0.07255491719374674,
      "interface_exposure_norm": 0.47368421052631576,
      "ccn_score": 0.011456039556907379
    },
    "21": {
      "residue": "TRP",
      "resnum": 21,
      "aromatic_neighbour_count": 1,
      "aromatic_neighbour_norm": 0.3333333333333333,
      "pocket_distance_angstrom": 16.107863607567577,
      "pocket_proximity_norm": 0.058452652121779546,
      "interface_exposure_norm": 0.6842105263157895,
      "ccn_score": 0.013331306624265508
    },
    "36": {
      "residue": "TYR",
      "resnum": 36,
      "aromatic_neighbour_count": 1,
      "aromatic_neighbour_norm": 0.3333333333333333,
      "pocket_distance_angstrom": 20.679349070993513,
      "pocket_proximity_norm": 0.04612684618552398,
      "interface_exposure_norm": 0.631578947368421,
      "ccn_score": 0.0097109149864261
    },
    "52": {
      "residue": "TYR",
      "resnum": 52,
      "aromatic_neighbour_count": 1,
      "aromatic_neighbour_norm": 0.3333333333333333,
      "pocket_distance_angstrom": 12.474091469922772,
      "pocket_proximity_norm": 0.07421650671084033,
      "interface_exposure_norm": 0.47368421052631576,
      "ccn_score": 0.011718395796448473
    },
    "53": {
      "residue": "TYR",
      "resnum": 53,
      "aromatic_neighbour_count": 2,
      "aromatic_neighbour_norm": 0.6666666666666666,
      "pocket_distance_angstrom": 15.632963538625685,
      "pocket_proximity_norm": 0.06012157711268728,
      "interface_exposure_norm": 0.5789473684210527,
      "ccn_score": 0.023204819236475792
    },
    "61": {
      "residue": "TYR",
      "resnum": 61,
      "aromatic_neighbour_count": 2,
      "aromatic_neighbour_norm": 0.6666666666666666,
      "pocket_distance_angstrom": 19.879155817086403,
      "pocket_proximity_norm": 0.04789465669783702,
      "interface_exposure_norm": 0.5263157894736842,
      "ccn_score": 0.01680514270099544
    },
    "83": {
      "residue": "PHE",
      "resnum": 83,
      "aromatic_neighbour_count": 1,
      "aromatic_neighbour_norm": 0.3333333333333333,
      "pocket_distance_angstrom": 18.623384064127553,
      "pocket_proximity_norm": 0.050959610061755145,
      "interface_exposure_norm": 0.47368421052631576,
      "ccn_score": 0.008046254220277127
    },
    "87": {
      "residue": "PHE",
      "resnum": 87,
      "aromatic_neighbour_count": 1,
      "aromatic_neighbour_norm": 0.3333333333333333,
      "pocket_distance_angstrom": 22.462770131931645,
      "pocket_proximity_norm": 0.04262071334190205,
      "interface_exposure_norm": 0.5789473684210527,
      "ccn_score": 0.00822504994317408
    },
    "92": {
      "residue": "PHE",
      "resnum": 92,
      "aromatic_neighbour_count": 1,
      "aromatic_neighbour_norm": 0.3333333333333333,
      "pocket_distance_angstrom": 21.093067913416483,
      "pocket_proximity_norm": 0.045263066402503965,
      "interface_exposure_norm": 0.631578947368421,
      "ccn_score": 0.009529066611053466
    },
    "94": {
      "residue": "PHE",
      "resnum": 94,
      "aromatic_neighbour_count": 1,
      "aromatic_neighbour_norm": 0.3333333333333333,
      "pocket_distance_angstrom": 16.10883912639269,
      "pocket_proximity_norm": 0.05844931924442291,
      "interface_exposure_norm": 0.631578947368421,
      "ccn_score": 0.012305119840931139
    },
    "103": {
      "residue": "TRP",
      "resnum": 103,
      "aromatic_neighbour_count": 2,
      "aromatic_neighbour_norm": 0.6666666666666666,
      "pocket_distance_angstrom": 8.109238003659776,
      "pocket_proximity_norm": 0.10977866640417504,
      "interface_exposure_norm": 0.21052631578947367,
      "ccn_score": 0.015407532126901758
    },
    "108": {
      "residue": "TYR",
      "resnum": 108,
      "aromatic_neighbour_count": 0,
      "aromatic_neighbour_norm": 0.0,
      "pocket_distance_angstrom": 0.0,
      "pocket_proximity_norm": 1.0,
      "interface_exposure_norm": 0.5789473684210527,
      "ccn_score": 0.0
    },
    "135": {
      "residue": "PHE",
      "resnum": 135,
      "aromatic_neighbour_count": 0,
      "aromatic_neighbour_norm": 0.0,
      "pocket_distance_angstrom": 10.437673160240262,
      "pocket_proximity_norm": 0.08743037032009347,
      "interface_exposure_norm": 0.5263157894736842,
      "ccn_score": 0.0
    },
    "161": {
      "residue": "TYR",
      "resnum": 161,
      "aromatic_neighbour_count": 0,
      "aromatic_neighbour_norm": 0.0,
      "pocket_distance_angstrom": 15.96221403815899,
      "pocket_proximity_norm": 0.058954567944394125,
      "interface_exposure_norm": 0.7894736842105263,
      "ccn_score": 0.0
    },
    "169": {
      "residue": "PHE",
      "resnum": 169,
      "aromatic_neighbour_count": 1,
      "aromatic_neighbour_norm": 0.3333333333333333,
      "pocket_distance_angstrom": 8.665504082279343,
      "pocket_proximity_norm": 0.10346071880859188,
      "interface_exposure_norm": 0.47368421052631576,
      "ccn_score": 0.016335902969777664
    },
    "185": {
      "residue": "TYR",
      "resnum": 185,
      "aromatic_neighbour_count": 3,
      "aromatic_neighbour_norm": 1.0,
      "pocket_distance_angstrom": 14.940000435073618,
      "pocket_proximity_norm": 0.06273525550222996,
      "interface_exposure_norm": 0.5789473684210527,
      "ccn_score": 0.036320411080238396
    },
    "202": {
      "residue": "TYR",
      "resnum": 202,
      "aromatic_neighbour_count": 3,
      "aromatic_neighbour_norm": 1.0,
      "pocket_distance_angstrom": 6.6786813818298,
      "pocket_proximity_norm": 0.13023069330188874,
      "interface_exposure_norm": 0.5789473684210527,
      "ccn_score": 0.0753967171747777
    },
    "210": {
      "residue": "TYR",
      "resnum": 210,
      "aromatic_neighbour_count": 1,
      "aromatic_neighbour_norm": 0.3333333333333333,
      "pocket_distance_angstrom": 0.0,
      "pocket_proximity_norm": 1.0,
      "interface_exposure_norm": 0.5263157894736842,
      "ccn_score": 0.17543859649122806
    },
    "214": {
      "residue": "PHE",
      "resnum": 214,
      "aromatic_neighbour_count": 1,
      "aromatic_neighbour_norm": 0.3333333333333333,
      "pocket_distance_angstrom": 6.111883997590268,
      "pocket_proximity_norm": 0.14060971752897428,
      "interface_exposure_norm": 0.5263157894736842,
      "ccn_score": 0.024668371496311275
    },
    "224": {
      "residue": "TYR",
      "resnum": 224,
      "aromatic_neighbour_count": 0,
      "aromatic_neighbour_norm": 0.0,
      "pocket_distance_angstrom": 0.0,
      "pocket_proximity_norm": 1.0,
      "interface_exposure_norm": 0.8421052631578947,
      "ccn_score": 0.0
    },
    "244": {
      "residue": "PHE",
      "resnum": 244,
      "aromatic_neighbour_count": 0,
      "aromatic_neighbour_norm": 0.0,
      "pocket_distance_angstrom": 5.718716988975769,
      "pocket_proximity_norm": 0.1488379405831238,
      "interface_exposure_norm": 0.5789473684210527,
      "ccn_score": 0.0
    },
    "262": {
      "residue": "PHE",
      "resnum": 262,
      "aromatic_neighbour_count": 0,
      "aromatic_neighbour_norm": 0.0,
      "pocket_distance_angstrom": 11.519380755926077,
      "pocket_proximity_norm": 0.07987615517857365,
      "interface_exposure_norm": 0.8421052631578947,
      "ccn_score": 0.0
    },
    "267": {
      "residue": "PHE",
      "resnum": 267,
      "aromatic_neighbour_count": 2,
      "aromatic_neighbour_norm": 0.6666666666666666,
      "pocket_distance_angstrom": 6.3697109824543885,
      "pocket_proximity_norm": 0.13569053147142043,
      "interface_exposure_norm": 0.631578947368421,
      "ccn_score": 0.05713285535638755
    },
    "268": {
      "residue": "PHE",
      "resnum": 268,
      "aromatic_neighbour_count": 2,
      "aromatic_neighbour_norm": 0.6666666666666666,